"","x"
"1",0
"2",-2
"3",2
"4",0
"5",1
"6",3
"7",0
"8",0
"9",1
"10",-1
"11",1
"12",1
"13",-1
"14",-1
"15",-6
"16",0
"17",1
"18",-1
"19",0
"20",0
"21",1
"22",1
"23",0
"24",2
"25",1
"26",1
"27",0
"28",0
"29",-2
"30",0
"31",0
"32",0
"33",-2
"34",0
"35",0
"36",1
"37",0
"38",0
"39",0
"40",0
"41",0
"42",0
"43",2
"44",0
"45",1
"46",-1
"47",0
"48",0
"49",1
"50",0
"51",-1
"52",-1
"53",2
"54",-1
"55",0
"56",1
"57",1
"58",0
"59",1
"60",1
"61",-2
"62",0
"63",-1
"64",0
"65",0
"66",0
"67",0
"68",0
"69",0
"70",0
"71",-1
"72",0
"73",-1
"74",0
"75",1
"76",0
"77",1
"78",-1
"79",0
"80",1
"81",0
"82",0
"83",2
"84",0
"85",0
"86",-1
"87",1
"88",-1
"89",0
"90",0
"91",1
"92",0
"93",1
"94",2
"95",1
"96",1
"97",1
"98",2
"99",1
"100",2
"101",0
"102",0
"103",1
"104",1
"105",1
"106",0
"107",0
"108",0
"109",2
"110",0
"111",-1
"112",0
"113",0
"114",-1
"115",0
"116",1
"117",0
"118",0
"119",0
"120",0
"121",0
"122",0
"123",1
"124",0
"125",0
"126",0
"127",0
"128",1
"129",1
"130",1
"131",0
"132",-2
"133",4
"134",0
"135",3
"136",1
"137",0
"138",0
"139",0
"140",0
"141",0
"142",0
"143",0
"144",0
"145",1
"146",1
"147",-1
"148",0
"149",0
"150",0
"151",1
"152",0
"153",1
"154",1
"155",2
"156",1
"157",-1
"158",1
"159",1
"160",0
"161",0
"162",1
"163",0
"164",1
"165",0
"166",2
"167",0
"168",0
"169",1
"170",0
"171",-2
"172",1
"173",1
"174",2
"175",0
"176",3
"177",0
"178",0
"179",-1
"180",1
"181",1
"182",2
"183",1
"184",1
"185",1
"186",0
"187",1
"188",2
"189",1
"190",0
"191",2
"192",2
"193",-2
"194",-1
"195",1
"196",0
"197",0
"198",1
"199",-1
"200",0
"201",2
"202",0
"203",-1
"204",-1
"205",0
"206",0
"207",2
"208",-1
"209",1
"210",1
"211",0
"212",0
"213",0
"214",0
"215",-2
"216",1
"217",2
"218",0
"219",0
"220",-1
"221",0
"222",0
"223",0
"224",0
"225",0
"226",-1
"227",0
"228",2
"229",2
"230",1
"231",1
"232",0
"233",0
"234",1
"235",1
"236",0
"237",-1
"238",2
"239",0
"240",-1
"241",0
"242",1
"243",0
"244",1
"245",1
"246",-3
"247",0
"248",1
"249",0
"250",0
"251",0
"252",0
"253",0
"254",0
"255",-1
"256",1
"257",2
"258",-1
"259",0
"260",0
"261",1
"262",0
"263",1
"264",1
"265",0
"266",0
"267",1
"268",0
"269",2
"270",-1
"271",-1
"272",0
"273",0
"274",-1
"275",0
"276",0
"277",-1
"278",-1
"279",-1
"280",0
"281",2
"282",0
"283",1
"284",0
"285",1
"286",0
"287",0
"288",0
"289",2
"290",0
"291",0
"292",0
"293",1
"294",0
"295",0
"296",0
"297",-1
"298",1
"299",0
"300",0
"301",0
"302",1
"303",0
"304",1
"305",-1
"306",1
"307",1
"308",0
"309",1
"310",1
"311",1
"312",0
"313",0
"314",1
"315",0
"316",-2
"317",0
"318",0
"319",0
"320",0
"321",0
"322",5
"323",1
"324",1
"325",3
"326",0
"327",0
"328",0
"329",0
"330",-1
"331",1
"332",0
"333",0
"334",0
"335",0
"336",2
"337",0
"338",-1
"339",1
"340",0
"341",1
"342",-1
"343",0
"344",0
"345",1
"346",0
"347",0
"348",1
"349",1
"350",-1
"351",-1
"352",1
"353",0
"354",1
"355",0
"356",2
"357",2
"358",0
"359",0
"360",-1
"361",1
"362",1
"363",0
"364",1
"365",1
"366",1
"367",0
"368",0
"369",1
"370",0
"371",0
"372",0
"373",2
"374",0
"375",1
"376",2
"377",2
"378",0
"379",0
"380",-1
"381",-1
"382",0
"383",1
"384",1
"385",0
"386",0
"387",0
"388",0
"389",0
"390",0
"391",4
"392",0
"393",0
"394",0
"395",0
"396",-1
"397",1
"398",0
"399",1
"400",0
"401",0
"402",1
"403",1
"404",0
"405",0
"406",0
"407",0
"408",1
"409",1
"410",0
"411",0
"412",0
"413",0
"414",-1
"415",-1
"416",0
"417",0
"418",-1
"419",0
"420",-1
"421",0
"422",-1
"423",1
"424",1
"425",1
"426",1
"427",2
"428",1
"429",-1
"430",0
"431",1
"432",1
"433",0
"434",0
"435",1
"436",2
"437",-2
"438",0
"439",0
"440",0
"441",1
"442",0
"443",2
"444",0
"445",1
"446",1
"447",2
"448",0
"449",0
"450",0
"451",1
"452",-1
"453",0
"454",0
"455",1
"456",-1
"457",2
"458",0
"459",0
"460",0
"461",0
"462",-1
"463",0
"464",0
"465",1
"466",0
"467",3
"468",0
"469",0
"470",0
"471",0
"472",1
"473",1
"474",0
"475",1
"476",0
"477",-2
"478",0
"479",0
"480",0
"481",0
"482",0
"483",1
"484",0
"485",1
"486",-3
"487",0
"488",0
"489",0
"490",1
"491",0
"492",1
"493",1
"494",0
"495",-1
"496",0
"497",1
"498",-1
"499",0
"500",2
"501",1
"502",0
"503",0
"504",0
"505",0
"506",1
"507",0
"508",1
"509",0
"510",1
"511",0
"512",0
"513",0
"514",0
"515",1
"516",0
"517",1
"518",3
"519",0
"520",1
"521",0
"522",0
"523",0
"524",1
"525",3
"526",-3
"527",0
"528",3
"529",0
"530",0
"531",3
"532",0
"533",1
"534",1
"535",1
"536",0
"537",0
"538",3
"539",0
"540",0
"541",0
"542",1
"543",1
"544",1
"545",0
"546",1
"547",1
"548",0
"549",-1
"550",1
"551",0
"552",-1
"553",0
"554",2
"555",0
"556",1
"557",0
"558",1
"559",-1
"560",0
"561",0
"562",0
"563",-1
"564",1
"565",-2
"566",1
"567",0
"568",0
"569",1
"570",1
"571",0
"572",-1
"573",1
"574",0
"575",2
"576",1
"577",1
"578",-1
"579",0
"580",1
"581",1
"582",1
"583",0
"584",-1
"585",0
"586",0
"587",0
"588",3
"589",0
"590",0
"591",4
"592",-1
"593",0
"594",0
"595",1
"596",0
"597",1
"598",0
"599",-1
"600",2
"601",0
"602",0
"603",0
"604",0
"605",1
"606",1
"607",0
"608",0
"609",1
"610",1
"611",-2
"612",-1
"613",0
"614",2
"615",1
"616",0
"617",1
"618",0
"619",0
"620",0
"621",0
"622",0
"623",-1
"624",0
"625",0
"626",1
"627",0
"628",0
"629",0
"630",0
"631",0
"632",0
"633",0
"634",0
"635",0
"636",1
"637",1
"638",0
"639",1
"640",2
"641",-1
"642",0
"643",0
"644",0
"645",0
"646",-1
"647",0
"648",2
"649",0
"650",-2
"651",0
"652",0
"653",0
"654",0
"655",-1
"656",1
"657",0
"658",0
"659",2
"660",0
"661",0
"662",0
"663",1
"664",0
"665",0
"666",1
"667",0
"668",0
"669",0
"670",-1
"671",-1
"672",-4
"673",0
"674",0
"675",0
"676",0
"677",1
"678",0
"679",0
"680",-1
"681",0
"682",1
"683",1
"684",1
"685",0
"686",0
"687",1
"688",-1
"689",0
"690",2
"691",1
"692",-1
"693",1
"694",1
"695",0
"696",0
"697",1
"698",0
"699",0
"700",-2
"701",-1
"702",0
"703",0
"704",0
"705",-1
"706",1
"707",-1
"708",0
"709",0
"710",0
"711",7
"712",0
"713",0
"714",0
"715",0
"716",-1
"717",1
"718",1
"719",0
"720",0
"721",0
"722",1
"723",-1
"724",1
"725",0
"726",0
"727",0
"728",0
"729",0
"730",0
"731",3
"732",1
"733",1
"734",2
"735",0
"736",-1
"737",0
"738",-1
"739",0
"740",-1
"741",0
"742",0
"743",0
"744",0
"745",0
"746",0
"747",0
"748",1
"749",0
"750",0
"751",0
"752",0
"753",0
"754",1
"755",0
"756",0
"757",0
"758",0
"759",3
"760",0
"761",1
"762",0
"763",1
"764",-4
"765",0
"766",0
"767",1
"768",0
"769",-1
"770",0
"771",0
"772",-1
"773",0
"774",0
"775",0
"776",0
"777",2
"778",0
"779",0
"780",0
"781",1
"782",0
"783",0
"784",0
"785",0
"786",0
"787",0
"788",0
"789",1
"790",0
"791",0
"792",0
"793",0
"794",2
"795",0
"796",1
"797",0
"798",0
"799",0
"800",0
"801",0
"802",0
"803",1
"804",-6
"805",0
"806",0
"807",0
"808",1
"809",2
"810",0
"811",0
"812",2
"813",1
"814",1
"815",0
"816",0
"817",0
"818",0
"819",0
"820",1
"821",1
"822",0
"823",2
"824",0
"825",0
"826",1
"827",1
"828",0
"829",2
"830",0
"831",0
"832",2
"833",0
"834",0
"835",-1
"836",1
"837",0
"838",0
"839",1
"840",2
"841",0
"842",-1
"843",1
"844",0
"845",0
"846",-1
"847",1
"848",1
"849",0
"850",1
"851",-2
"852",0
"853",-1
"854",0
"855",0
"856",0
"857",1
"858",-1
"859",0
"860",1
"861",0
"862",3
"863",0
"864",1
"865",1
"866",0
"867",0
"868",0
"869",0
"870",0
"871",1
"872",-1
"873",0
"874",1
"875",0
"876",0
"877",0
"878",0
"879",0
"880",0
"881",1
"882",0
"883",1
"884",1
"885",0
"886",0
"887",0
"888",0
"889",0
"890",2
"891",0
"892",1
"893",0
"894",2
"895",0
"896",0
"897",0
"898",1
"899",1
"900",0
"901",0
"902",0
"903",1
"904",0
"905",0
"906",2
"907",0
"908",0
"909",0
"910",1
"911",0
"912",1
"913",1
"914",0
"915",-3
"916",1
"917",1
"918",0
"919",-2
"920",2
"921",1
"922",1
"923",0
"924",0
"925",0
"926",-1
"927",-1
"928",-1
"929",1
"930",0
"931",1
"932",0
"933",1
"934",0
"935",0
"936",0
"937",0
"938",1
"939",0
"940",1
"941",1
"942",1
"943",0
"944",0
"945",0
"946",0
"947",1
"948",0
"949",2
"950",0
"951",-1
"952",0
"953",0
"954",2
"955",0
"956",-1
"957",1
"958",-3
"959",0
"960",3
"961",0
"962",0
"963",0
"964",-1
"965",0
"966",0
"967",1
"968",-1
"969",0
"970",1
"971",1
"972",-1
"973",-1
"974",1
"975",0
"976",0
"977",0
"978",0
"979",0
"980",0
"981",1
"982",0
"983",0
"984",0
"985",1
"986",4
"987",0
"988",0
"989",1
"990",3
"991",1
"992",1
"993",-1
"994",0
"995",3
"996",0
"997",0
"998",1
"999",1
"1000",-1
"1001",1
"1002",0
"1003",0
"1004",0
"1005",0
"1006",0
"1007",1
"1008",0
"1009",0
"1010",-1
"1011",0
"1012",0
"1013",0
"1014",1
"1015",1
"1016",0
"1017",1
"1018",2
"1019",-1
"1020",1
"1021",0
"1022",0
"1023",0
"1024",-1
"1025",1
"1026",-1
"1027",1
"1028",0
"1029",-2
"1030",1
"1031",0
"1032",1
"1033",1
"1034",0
"1035",1
"1036",0
"1037",1
"1038",1
"1039",0
"1040",1
"1041",-1
"1042",3
"1043",1
"1044",1
"1045",2
"1046",0
"1047",0
"1048",0
"1049",0
"1050",1
"1051",3
"1052",0
"1053",0
"1054",2
"1055",0
"1056",0
"1057",1
"1058",2
"1059",2
"1060",0
"1061",0
"1062",2
"1063",0
"1064",6
"1065",0
"1066",0
"1067",0
"1068",0
"1069",0
"1070",0
"1071",0
"1072",0
"1073",-1
"1074",0
"1075",0
"1076",0
"1077",2
"1078",0
"1079",0
"1080",0
"1081",-1
"1082",1
"1083",0
"1084",-1
"1085",0
"1086",2
"1087",0
"1088",3
"1089",0
"1090",0
"1091",0
"1092",0
"1093",0
"1094",0
"1095",0
"1096",0
"1097",1
"1098",-1
"1099",0
"1100",0
"1101",0
"1102",1
"1103",2
"1104",0
"1105",0
"1106",-1
"1107",0
"1108",-2
"1109",0
"1110",0
"1111",0
"1112",0
"1113",0
"1114",0
"1115",2
"1116",0
"1117",0
"1118",2
"1119",1
"1120",0
"1121",1
"1122",1
"1123",0
"1124",-2
"1125",-1
"1126",0
"1127",0
"1128",-1
"1129",0
"1130",1
"1131",2
"1132",1
"1133",0
"1134",0
"1135",-2
"1136",1
"1137",0
"1138",0
"1139",0
"1140",0
"1141",0
"1142",1
"1143",0
"1144",1
"1145",-1
"1146",0
"1147",0
"1148",0
"1149",0
"1150",0
"1151",0
"1152",0
"1153",1
"1154",-1
"1155",0
"1156",0
"1157",2
"1158",1
"1159",0
"1160",2
"1161",1
"1162",0
"1163",1
"1164",0
"1165",-1
"1166",0
"1167",0
"1168",1
"1169",1
"1170",0
"1171",1
"1172",0
"1173",0
"1174",0
"1175",1
"1176",-1
"1177",0
"1178",1
"1179",-1
"1180",2
"1181",2
"1182",2
"1183",-1
"1184",0
"1185",3
"1186",1
"1187",0
"1188",0
"1189",0
"1190",-1
"1191",0
"1192",-1
"1193",0
"1194",0
"1195",1
"1196",0
"1197",0
"1198",-1
"1199",0
"1200",0
"1201",-1
"1202",-1
"1203",0
"1204",0
"1205",0
"1206",0
"1207",0
"1208",0
"1209",0
"1210",0
"1211",1
"1212",-1
"1213",-1
"1214",0
"1215",0
"1216",-1
"1217",0
"1218",-1
"1219",1
"1220",0
"1221",-1
"1222",1
"1223",0
"1224",0
"1225",2
"1226",0
"1227",-2
"1228",1
"1229",0
"1230",0
"1231",1
"1232",-1
"1233",0
"1234",0
"1235",2
"1236",0
"1237",1
"1238",1
"1239",0
"1240",1
"1241",1
"1242",0
"1243",1
"1244",0
"1245",1
"1246",2
"1247",-4
"1248",1
"1249",1
"1250",0
"1251",-1
"1252",1
"1253",2
"1254",-1
"1255",-1
"1256",0
"1257",0
"1258",0
"1259",0
"1260",-1
"1261",0
"1262",-1
"1263",2
"1264",1
"1265",0
"1266",1
"1267",-1
"1268",0
"1269",-1
"1270",0
"1271",0
"1272",-1
"1273",1
"1274",1
"1275",-1
"1276",0
"1277",1
"1278",-1
"1279",-2
"1280",1
"1281",1
"1282",0
"1283",-1
"1284",-1
"1285",4
"1286",1
"1287",0
"1288",0
"1289",1
"1290",1
"1291",0
"1292",1
"1293",2
"1294",1
"1295",0
"1296",0
"1297",2
"1298",1
"1299",2
"1300",-1
"1301",1
"1302",1
"1303",0
"1304",0
"1305",0
"1306",1
"1307",1
"1308",-2
"1309",1
"1310",1
"1311",-1
"1312",0
"1313",0
"1314",2
"1315",0
"1316",0
"1317",1
"1318",0
"1319",0
"1320",0
"1321",1
"1322",0
"1323",4
"1324",0
"1325",0
"1326",0
"1327",1
"1328",4
"1329",1
"1330",0
"1331",1
"1332",0
"1333",2
"1334",0
"1335",0
"1336",-2
"1337",0
"1338",0
"1339",0
"1340",0
"1341",0
"1342",1
"1343",0
"1344",-1
"1345",2
"1346",1
"1347",0
"1348",-1
"1349",0
"1350",0
"1351",0
"1352",0
"1353",-1
"1354",2
"1355",0
"1356",4
"1357",0
"1358",0
"1359",-1
"1360",-1
"1361",0
"1362",2
"1363",1
"1364",0
"1365",0
"1366",0
"1367",1
"1368",0
"1369",0
"1370",2
"1371",0
"1372",0
"1373",0
"1374",-1
"1375",0
"1376",-1
"1377",1
"1378",2
"1379",1
"1380",2
"1381",0
"1382",0
"1383",1
"1384",0
"1385",0
"1386",0
"1387",0
"1388",0
"1389",0
"1390",1
"1391",1
"1392",2
"1393",0
"1394",0
"1395",0
"1396",0
"1397",1
"1398",1
"1399",-3
"1400",2
"1401",0
"1402",-1
"1403",3
"1404",1
"1405",0
"1406",0
"1407",-1
"1408",1
"1409",0
"1410",0
"1411",1
"1412",0
"1413",0
"1414",1
"1415",0
"1416",0
"1417",0
"1418",0
"1419",0
"1420",1
"1421",0
"1422",0
"1423",0
"1424",-1
"1425",0
"1426",1
"1427",1
"1428",3
"1429",0
"1430",0
"1431",2
"1432",-2
"1433",1
"1434",-1
"1435",0
"1436",0
"1437",1
"1438",1
"1439",0
"1440",1
"1441",0
"1442",0
"1443",1
"1444",2
"1445",0
"1446",2
"1447",0
"1448",1
"1449",0
"1450",0
"1451",2
"1452",-1
"1453",0
"1454",0
"1455",1
"1456",0
"1457",0
"1458",0
"1459",1
"1460",1
"1461",0
"1462",0
"1463",0
"1464",-3
"1465",4
"1466",2
"1467",1
"1468",1
"1469",0
"1470",-2
"1471",1
"1472",-1
"1473",3
"1474",2
"1475",0
"1476",0
"1477",0
"1478",2
"1479",0
"1480",1
"1481",-3
"1482",0
"1483",2
"1484",0
"1485",2
"1486",0
"1487",0
"1488",0
"1489",-1
"1490",0
"1491",1
"1492",0
"1493",0
"1494",1
"1495",0
"1496",2
"1497",1
"1498",1
"1499",0
"1500",0
"1501",1
"1502",0
"1503",0
"1504",1
"1505",0
"1506",1
"1507",1
"1508",0
"1509",7
"1510",1
"1511",0
"1512",4
"1513",0
"1514",-1
"1515",1
"1516",1
"1517",0
"1518",0
"1519",1
"1520",1
"1521",-1
"1522",0
"1523",0
"1524",0
"1525",0
"1526",0
"1527",-1
"1528",0
"1529",1
"1530",2
"1531",0
"1532",0
"1533",-1
"1534",0
"1535",-1
"1536",3
"1537",0
"1538",1
"1539",-1
"1540",1
"1541",1
"1542",0
"1543",0
"1544",-1
"1545",0
"1546",1
"1547",1
"1548",0
"1549",2
"1550",1
"1551",0
"1552",0
"1553",1
"1554",1
"1555",-1
"1556",0
"1557",0
"1558",1
"1559",1
"1560",0
"1561",-1
"1562",2
"1563",0
"1564",-1
"1565",4
"1566",-1
"1567",1
"1568",1
"1569",1
"1570",0
"1571",1
"1572",2
"1573",1
"1574",0
"1575",0
"1576",0
"1577",-1
"1578",1
"1579",-1
"1580",1
"1581",0
"1582",1
"1583",1
"1584",4
"1585",-1
"1586",0
"1587",0
"1588",-1
"1589",0
"1590",1
"1591",0
"1592",2
"1593",3
"1594",1
"1595",1
"1596",0
"1597",1
"1598",0
"1599",0
"1600",0
"1601",1
"1602",3
"1603",0
"1604",0
"1605",1
"1606",0
"1607",0
"1608",0
"1609",1
"1610",0
"1611",3
"1612",-1
"1613",0
"1614",1
"1615",0
"1616",1
"1617",0
"1618",-1
"1619",0
"1620",1
"1621",0
"1622",1
"1623",0
"1624",0
"1625",-1
"1626",1
"1627",0
"1628",2
"1629",0
"1630",0
"1631",0
"1632",2
"1633",0
"1634",0
"1635",0
"1636",1
"1637",0
"1638",-1
"1639",3
"1640",0
"1641",2
"1642",0
"1643",0
"1644",0
"1645",0
"1646",-1
"1647",-1
"1648",0
"1649",1
"1650",1
"1651",0
"1652",-2
"1653",4
"1654",0
"1655",0
"1656",0
"1657",0
"1658",0
"1659",0
"1660",1
"1661",1
"1662",0
"1663",0
"1664",0
"1665",0
"1666",-1
"1667",1
"1668",0
"1669",1
"1670",0
"1671",0
"1672",0
"1673",0
"1674",1
"1675",0
"1676",0
"1677",1
"1678",-1
"1679",0
"1680",0
"1681",0
"1682",0
"1683",-1
"1684",0
"1685",0
"1686",1
"1687",1
"1688",1
"1689",1
"1690",3
"1691",0
"1692",0
"1693",2
"1694",2
"1695",1
"1696",0
"1697",0
"1698",1
"1699",0
"1700",0
"1701",0
"1702",0
"1703",0
"1704",1
"1705",1
"1706",-2
"1707",2
"1708",0
"1709",0
"1710",1
"1711",-1
"1712",0
"1713",0
"1714",0
"1715",0
"1716",0
"1717",-1
"1718",0
"1719",1
"1720",0
"1721",-2
"1722",-1
"1723",1
"1724",2
"1725",0
"1726",0
"1727",0
"1728",1
"1729",0
"1730",0
"1731",0
"1732",1
"1733",1
"1734",0
"1735",1
"1736",0
"1737",0
"1738",1
"1739",0
"1740",0
"1741",0
"1742",0
"1743",2
"1744",0
"1745",0
"1746",-1
"1747",1
"1748",0
"1749",1
"1750",-1
"1751",0
"1752",1
"1753",0
"1754",0
"1755",-1
"1756",1
"1757",1
"1758",-1
"1759",1
"1760",0
"1761",0
"1762",0
"1763",2
"1764",0
"1765",0
"1766",1
"1767",1
"1768",0
"1769",1
"1770",1
"1771",2
"1772",0
"1773",0
"1774",0
"1775",0
"1776",0
"1777",0
"1778",0
"1779",3
"1780",1
"1781",0
"1782",0
"1783",0
"1784",1
"1785",1
"1786",2
"1787",1
"1788",0
"1789",0
"1790",2
"1791",1
"1792",-2
"1793",1
"1794",-1
"1795",1
"1796",1
"1797",0
"1798",1
"1799",0
"1800",0
"1801",-1
"1802",0
"1803",0
"1804",0
"1805",0
"1806",0
"1807",0
"1808",0
"1809",0
"1810",0
"1811",1
"1812",0
"1813",1
"1814",2
"1815",1
"1816",2
"1817",1
"1818",0
"1819",0
"1820",0
"1821",2
"1822",0
"1823",1
"1824",-3
"1825",0
"1826",0
"1827",0
"1828",1
"1829",0
"1830",0
"1831",1
"1832",2
"1833",0
"1834",1
"1835",-1
"1836",1
"1837",0
"1838",-1
"1839",2
"1840",0
"1841",0
"1842",0
"1843",1
"1844",-1
"1845",0
"1846",-1
"1847",-1
"1848",1
"1849",0
"1850",0
"1851",-2
"1852",2
"1853",1
"1854",1
"1855",0
"1856",1
"1857",1
"1858",2
"1859",-1
"1860",1
"1861",2
"1862",1
"1863",0
"1864",0
"1865",0
"1866",1
"1867",-1
"1868",0
"1869",-1
"1870",0
"1871",1
"1872",2
"1873",2
"1874",0
"1875",-2
"1876",0
"1877",0
"1878",1
"1879",0
"1880",0
"1881",0
"1882",0
"1883",1
"1884",1
"1885",0
"1886",-1
"1887",2
"1888",0
"1889",0
"1890",1
"1891",-1
"1892",1
"1893",2
"1894",-1
"1895",1
"1896",0
"1897",0
"1898",-2
"1899",-2
"1900",1
"1901",0
"1902",1
"1903",1
"1904",0
"1905",-1
"1906",0
"1907",0
"1908",0
"1909",0
"1910",0
"1911",0
"1912",0
"1913",0
"1914",1
"1915",0
"1916",1
"1917",1
"1918",2
"1919",1
"1920",1
"1921",-1
"1922",2
"1923",0
"1924",1
"1925",0
"1926",4
"1927",0
"1928",0
"1929",0
"1930",0
"1931",0
"1932",-1
"1933",0
"1934",0
"1935",0
"1936",-1
"1937",-1
"1938",2
"1939",0
"1940",0
"1941",0
"1942",1
"1943",0
"1944",1
"1945",0
"1946",0
"1947",1
"1948",-1
"1949",-1
"1950",2
"1951",0
"1952",0
"1953",2
"1954",0
"1955",-1
"1956",0
"1957",3
"1958",-1
"1959",-1
"1960",-1
"1961",0
"1962",1
"1963",0
"1964",1
"1965",-1
"1966",0
"1967",0
"1968",1
"1969",0
"1970",0
"1971",0
"1972",0
"1973",2
"1974",2
"1975",1
"1976",0
"1977",3
"1978",1
"1979",2
"1980",2
"1981",1
"1982",0
"1983",2
"1984",-1
"1985",0
"1986",3
"1987",2
"1988",0
"1989",-1
"1990",2
"1991",-1
"1992",-2
"1993",-1
"1994",1
"1995",1
"1996",0
"1997",0
"1998",0
"1999",1
"2000",1
"2001",1
"2002",0
"2003",-1
"2004",-1
"2005",-1
"2006",0
"2007",1
"2008",0
"2009",0
"2010",5
"2011",0
"2012",0
"2013",0
"2014",0
"2015",1
"2016",1
"2017",0
"2018",0
"2019",0
"2020",3
"2021",0
"2022",0
"2023",1
"2024",0
"2025",1
"2026",0
"2027",-1
"2028",0
"2029",1
"2030",0
"2031",1
"2032",4
"2033",1
"2034",0
"2035",0
"2036",0
"2037",0
"2038",0
"2039",0
"2040",-1
"2041",-1
"2042",0
"2043",0
"2044",-1
"2045",0
"2046",-1
"2047",1
"2048",1
"2049",1
"2050",0
"2051",0
"2052",0
"2053",2
"2054",1
"2055",0
"2056",0
"2057",0
"2058",-1
"2059",0
"2060",0
"2061",1
"2062",0
"2063",2
"2064",0
"2065",1
"2066",-1
"2067",2
"2068",0
"2069",0
"2070",-1
"2071",-1
"2072",0
"2073",0
"2074",1
"2075",-1
"2076",0
"2077",1
"2078",-1
"2079",0
"2080",0
"2081",-2
"2082",1
"2083",1
"2084",1
"2085",1
"2086",-2
"2087",2
"2088",1
"2089",0
"2090",0
"2091",0
"2092",-1
"2093",0
"2094",0
"2095",-2
"2096",-1
"2097",0
"2098",0
"2099",-1
"2100",0
"2101",0
"2102",3
"2103",-1
"2104",1
"2105",0
"2106",1
"2107",-1
"2108",1
"2109",-1
"2110",0
"2111",0
"2112",1
"2113",1
"2114",0
"2115",-2
"2116",0
"2117",0
"2118",0
"2119",0
"2120",1
"2121",0
"2122",-1
"2123",0
"2124",1
"2125",0
"2126",0
"2127",0
"2128",0
"2129",0
"2130",2
"2131",2
"2132",0
"2133",0
"2134",0
"2135",-1
"2136",-2
"2137",2
"2138",0
"2139",0
"2140",0
"2141",0
"2142",2
"2143",0
"2144",1
"2145",2
"2146",0
"2147",0
"2148",0
"2149",2
"2150",1
"2151",0
"2152",-3
"2153",-1
"2154",0
"2155",0
"2156",1
"2157",0
"2158",-1
"2159",0
"2160",0
"2161",1
"2162",1
"2163",0
"2164",-1
"2165",0
"2166",0
"2167",0
"2168",1
"2169",0
"2170",1
"2171",0
"2172",1
"2173",0
"2174",0
"2175",0
"2176",1
"2177",-1
"2178",1
"2179",0
"2180",0
"2181",0
"2182",1
"2183",0
"2184",1
"2185",0
"2186",0
"2187",0
"2188",0
"2189",0
"2190",1
"2191",0
"2192",-1
"2193",-1
"2194",0
"2195",1
"2196",0
"2197",0
"2198",0
"2199",-2
"2200",2
"2201",0
"2202",0
"2203",2
"2204",0
"2205",0
"2206",0
"2207",0
"2208",0
"2209",0
"2210",0
"2211",1
"2212",-1
"2213",1
"2214",0
"2215",0
"2216",0
"2217",0
"2218",0
"2219",1
"2220",1
"2221",2
"2222",-1
"2223",0
"2224",0
"2225",-1
"2226",1
"2227",1
"2228",0
"2229",1
"2230",1
"2231",1
"2232",0
"2233",0
"2234",2
"2235",1
"2236",0
"2237",0
"2238",0
"2239",-1
"2240",1
"2241",1
"2242",0
"2243",-2
"2244",0
"2245",0
"2246",0
"2247",1
"2248",1
"2249",1
"2250",0
"2251",0
"2252",1
"2253",0
"2254",0
"2255",2
"2256",2
"2257",0
"2258",0
"2259",0
"2260",1
"2261",1
"2262",-1
"2263",0
"2264",1
"2265",0
"2266",0
"2267",3
"2268",1
"2269",0
"2270",1
"2271",0
"2272",0
"2273",0
"2274",0
"2275",0
"2276",0
"2277",0
"2278",1
"2279",-1
"2280",0
"2281",0
"2282",1
"2283",1
"2284",1
"2285",1
"2286",1
"2287",0
"2288",0
"2289",0
"2290",0
"2291",2
"2292",0
"2293",-1
"2294",-2
"2295",0
"2296",0
"2297",0
"2298",0
"2299",4
"2300",0
"2301",-1
"2302",1
"2303",0
"2304",0
"2305",0
"2306",0
"2307",1
"2308",1
"2309",0
"2310",0
"2311",0
"2312",4
"2313",1
"2314",1
"2315",0
"2316",1
"2317",2
"2318",-1
"2319",1
"2320",1
"2321",-1
"2322",0
"2323",1
"2324",2
"2325",1
"2326",0
"2327",0
"2328",-1
"2329",1
"2330",0
"2331",1
"2332",0
"2333",1
"2334",2
"2335",0
"2336",2
"2337",1
"2338",0
"2339",0
"2340",1
"2341",0
"2342",1
"2343",-1
"2344",0
"2345",1
"2346",-2
"2347",1
"2348",-1
"2349",2
"2350",0
"2351",0
"2352",0
"2353",0
"2354",1
"2355",0
"2356",0
"2357",2
"2358",-1
"2359",0
"2360",0
"2361",0
"2362",1
"2363",0
"2364",-2
"2365",0
"2366",-1
"2367",1
"2368",0
"2369",-1
"2370",0
"2371",2
"2372",0
"2373",0
"2374",1
"2375",0
"2376",2
"2377",0
"2378",0
"2379",1
"2380",-1
"2381",1
"2382",1
"2383",2
"2384",1
"2385",-1
"2386",1
"2387",0
"2388",1
"2389",2
"2390",0
"2391",1
"2392",0
"2393",1
"2394",0
"2395",2
"2396",1
"2397",-1
"2398",1
"2399",0
"2400",0
"2401",0
"2402",2
"2403",0
"2404",2
"2405",-1
"2406",0
"2407",0
"2408",3
"2409",0
"2410",0
"2411",2
"2412",1
"2413",2
"2414",0
"2415",2
"2416",0
"2417",-1
"2418",1
"2419",0
"2420",0
"2421",-2
"2422",-1
"2423",-1
"2424",-2
"2425",0
"2426",0
"2427",1
"2428",-1
"2429",0
"2430",2
"2431",-1
"2432",0
"2433",-1
"2434",0
"2435",0
"2436",1
"2437",1
"2438",0
"2439",0
"2440",0
"2441",2
"2442",1
"2443",-1
"2444",0
"2445",1
"2446",0
"2447",1
"2448",0
"2449",0
"2450",0
"2451",-1
"2452",2
"2453",1
"2454",0
"2455",1
"2456",1
"2457",2
"2458",1
"2459",0
"2460",0
"2461",3
"2462",0
"2463",1
"2464",0
"2465",1
"2466",0
"2467",1
"2468",1
"2469",1
"2470",-1
"2471",0
"2472",0
"2473",0
"2474",1
"2475",0
"2476",-1
"2477",0
"2478",0
"2479",1
"2480",0
"2481",-1
"2482",0
"2483",0
"2484",1
"2485",1
"2486",1
"2487",0
"2488",0
"2489",0
"2490",0
"2491",1
"2492",-1
"2493",0
"2494",0
"2495",1
"2496",1
"2497",0
"2498",1
"2499",0
"2500",0
"2501",1
"2502",1
"2503",0
"2504",1
"2505",0
"2506",1
"2507",0
"2508",-1
"2509",1
"2510",0
"2511",0
"2512",0
"2513",1
"2514",0
"2515",1
"2516",0
"2517",1
"2518",0
"2519",1
"2520",0
"2521",0
"2522",0
"2523",1
"2524",1
"2525",0
"2526",2
"2527",0
"2528",0
"2529",1
"2530",0
"2531",0
"2532",0
"2533",0
"2534",1
"2535",1
"2536",-1
"2537",0
"2538",1
"2539",2
"2540",1
"2541",3
"2542",0
"2543",1
"2544",1
"2545",0
"2546",0
"2547",1
"2548",0
"2549",2
"2550",0
"2551",1
"2552",2
"2553",0
"2554",1
"2555",0
"2556",2
"2557",-1
"2558",1
"2559",1
"2560",0
"2561",0
"2562",0
"2563",0
"2564",0
"2565",0
"2566",0
"2567",0
"2568",0
"2569",1
"2570",0
"2571",1
"2572",0
"2573",0
"2574",1
"2575",0
"2576",0
"2577",1
"2578",0
"2579",1
"2580",0
"2581",0
"2582",5
"2583",0
"2584",0
"2585",0
"2586",0
"2587",0
"2588",2
"2589",1
"2590",0
"2591",0
"2592",0
"2593",1
"2594",0
"2595",0
"2596",-2
"2597",0
"2598",1
"2599",0
"2600",-1
"2601",0
"2602",0
"2603",0
"2604",0
"2605",0
"2606",0
"2607",1
"2608",-1
"2609",4
"2610",1
"2611",1
"2612",-1
"2613",0
"2614",1
"2615",4
"2616",0
"2617",1
"2618",1
"2619",0
"2620",2
"2621",1
"2622",0
"2623",0
"2624",0
"2625",0
"2626",0
"2627",2
"2628",1
"2629",0
"2630",0
"2631",0
"2632",-1
"2633",1
"2634",-2
"2635",-1
"2636",0
"2637",2
"2638",0
"2639",-1
"2640",0
"2641",0
"2642",0
"2643",0
"2644",1
"2645",-2
"2646",0
"2647",-1
"2648",0
"2649",1
"2650",-1
"2651",1
"2652",0
"2653",0
"2654",1
"2655",0
"2656",0
"2657",1
"2658",1
"2659",0
"2660",0
"2661",0
"2662",0
"2663",0
"2664",1
"2665",1
"2666",0
"2667",1
"2668",0
"2669",0
"2670",0
"2671",0
"2672",-1
"2673",-1
"2674",0
"2675",0
"2676",1
"2677",1
"2678",0
"2679",1
"2680",0
"2681",2
"2682",1
"2683",3
"2684",0
"2685",0
"2686",1
"2687",1
"2688",0
"2689",0
"2690",0
"2691",0
"2692",-2
"2693",1
"2694",0
"2695",0
"2696",1
"2697",-1
"2698",0
"2699",0
"2700",1
"2701",1
"2702",1
"2703",0
"2704",-1
"2705",2
"2706",1
"2707",0
"2708",2
"2709",3
"2710",0
"2711",0
"2712",0
"2713",2
"2714",1
"2715",3
"2716",-1
"2717",0
"2718",-1
"2719",0
"2720",0
"2721",0
"2722",0
"2723",1
"2724",0
"2725",0
"2726",0
"2727",4
"2728",0
"2729",1
"2730",0
"2731",0
"2732",0
"2733",1
"2734",0
"2735",-1
"2736",3
"2737",0
"2738",-1
"2739",2
"2740",1
"2741",0
"2742",-1
"2743",-1
"2744",0
"2745",-1
"2746",-1
"2747",3
"2748",1
"2749",0
"2750",0
"2751",-3
"2752",0
"2753",0
"2754",-2
"2755",1
"2756",0
"2757",0
"2758",1
"2759",1
"2760",1
"2761",1
"2762",0
"2763",0
"2764",1
"2765",0
"2766",2
"2767",-1
"2768",1
"2769",0
"2770",0
"2771",0
"2772",1
"2773",3
"2774",-3
"2775",0
"2776",1
"2777",0
"2778",-2
"2779",1
"2780",0
"2781",0
"2782",0
"2783",1
"2784",0
"2785",1
"2786",0
"2787",0
"2788",-1
"2789",0
"2790",-1
"2791",1
"2792",1
"2793",2
"2794",1
"2795",1
"2796",0
"2797",0
"2798",0
"2799",1
"2800",0
"2801",0
"2802",0
"2803",0
"2804",-1
"2805",0
"2806",0
"2807",-1
"2808",-3
"2809",0
"2810",1
"2811",1
"2812",2
"2813",0
"2814",1
"2815",0
"2816",0
"2817",0
"2818",3
"2819",0
"2820",2
"2821",-1
"2822",1
"2823",1
"2824",0
"2825",0
"2826",3
"2827",0
"2828",0
"2829",0
"2830",3
"2831",1
"2832",-1
"2833",0
"2834",0
"2835",1
"2836",0
"2837",0
"2838",0
"2839",0
"2840",1
"2841",0
"2842",0
"2843",1
"2844",1
"2845",0
"2846",0
"2847",1
"2848",1
"2849",0
"2850",1
"2851",2
"2852",-1
"2853",0
"2854",0
"2855",0
"2856",0
"2857",0
"2858",-1
"2859",-1
"2860",0
"2861",1
"2862",0
"2863",1
"2864",0
"2865",2
"2866",1
"2867",-1
"2868",0
"2869",0
"2870",2
"2871",0
"2872",-2
"2873",-2
"2874",1
"2875",1
"2876",-1
"2877",3
"2878",1
"2879",0
"2880",0
"2881",0
"2882",0
"2883",1
"2884",0
"2885",0
"2886",4
"2887",2
"2888",1
"2889",2
"2890",0
"2891",-1
"2892",1
"2893",0
"2894",0
"2895",-1
"2896",-1
"2897",0
"2898",1
"2899",-1
"2900",0
"2901",-1
"2902",0
"2903",1
"2904",1
"2905",0
"2906",1
"2907",0
"2908",1
"2909",2
"2910",0
"2911",1
"2912",1
"2913",1
"2914",0
"2915",1
"2916",0
"2917",1
"2918",1
"2919",0
"2920",1
"2921",1
"2922",1
"2923",4
"2924",1
"2925",1
"2926",0
"2927",3
"2928",0
"2929",-1
"2930",2
"2931",1
"2932",-1
"2933",0
"2934",1
"2935",0
"2936",1
"2937",1
"2938",-3
"2939",0
"2940",0
"2941",0
"2942",1
"2943",2
"2944",0
"2945",1
"2946",1
"2947",-1
"2948",1
"2949",-1
"2950",1
"2951",0
"2952",0
"2953",1
"2954",0
"2955",0
"2956",2
"2957",-1
"2958",0
"2959",0
"2960",1
"2961",0
"2962",2
"2963",1
"2964",-1
"2965",-1
"2966",0
"2967",1
"2968",0
"2969",1
"2970",1
"2971",0
"2972",0
"2973",0
"2974",1
"2975",2
"2976",1
"2977",0
"2978",-1
"2979",1
"2980",1
"2981",0
"2982",0
"2983",3
"2984",0
"2985",0
"2986",1
"2987",0
"2988",3
"2989",-1
"2990",2
"2991",1
"2992",0
"2993",1
"2994",0
"2995",0
"2996",1
"2997",0
"2998",2
"2999",0
"3000",0
"3001",1
"3002",-1
"3003",1
"3004",-1
"3005",-1
"3006",1
"3007",-1
"3008",-3
"3009",0
"3010",2
"3011",1
"3012",1
"3013",2
"3014",0
"3015",0
"3016",1
"3017",0
"3018",0
"3019",0
"3020",0
"3021",2
"3022",1
"3023",2
"3024",0
"3025",1
"3026",0
"3027",0
"3028",1
"3029",1
"3030",-1
"3031",1
"3032",0
"3033",1
"3034",0
"3035",-1
"3036",0
"3037",1
"3038",1
"3039",-1
"3040",0
"3041",0
"3042",0
"3043",0
"3044",2
"3045",0
"3046",0
"3047",0
"3048",1
"3049",0
"3050",1
"3051",1
"3052",1
"3053",3
"3054",2
"3055",1
"3056",0
"3057",1
"3058",0
"3059",0
"3060",0
"3061",0
"3062",1
"3063",-1
"3064",0
"3065",-1
"3066",2
"3067",1
"3068",0
"3069",0
"3070",0
"3071",0
"3072",0
"3073",3
"3074",0
"3075",0
"3076",0
"3077",0
"3078",0
"3079",-1
"3080",0
"3081",0
"3082",0
"3083",0
"3084",1
"3085",0
"3086",0
"3087",0
"3088",0
"3089",1
"3090",2
"3091",0
"3092",3
"3093",0
"3094",1
"3095",1
"3096",-2
"3097",0
"3098",-1
"3099",1
"3100",0
"3101",0
"3102",0
"3103",0
"3104",0
"3105",2
"3106",1
"3107",1
"3108",-1
"3109",1
"3110",-1
"3111",-1
"3112",-1
"3113",0
"3114",0
"3115",0
"3116",0
"3117",0
"3118",0
"3119",0
"3120",0
"3121",0
"3122",0
"3123",2
"3124",0
"3125",-5
"3126",1
"3127",1
"3128",0
"3129",0
"3130",2
"3131",0
"3132",2
"3133",2
"3134",0
"3135",-1
"3136",3
"3137",1
"3138",-1
"3139",0
"3140",0
"3141",0
"3142",1
"3143",0
"3144",1
"3145",0
"3146",0
"3147",1
"3148",2
"3149",-1
"3150",0
"3151",0
"3152",-1
"3153",1
"3154",1
"3155",1
"3156",1
"3157",1
"3158",1
"3159",-1
"3160",0
"3161",1
"3162",1
"3163",0
"3164",1
"3165",0
"3166",1
"3167",0
"3168",0
"3169",0
"3170",0
"3171",-1
"3172",1
"3173",1
"3174",1
"3175",0
"3176",1
"3177",2
"3178",1
"3179",-1
"3180",2
"3181",2
"3182",3
"3183",1
"3184",2
"3185",-1
"3186",0
"3187",2
"3188",1
"3189",1
"3190",1
"3191",-1
"3192",0
"3193",0
"3194",1
"3195",0
"3196",1
"3197",0
"3198",2
"3199",0
"3200",2
"3201",2
"3202",-1
"3203",3
"3204",0
"3205",2
"3206",2
"3207",0
"3208",1
"3209",1
"3210",0
"3211",-1
"3212",0
"3213",0
"3214",-1
"3215",2
"3216",0
"3217",1
"3218",1
"3219",3
"3220",0
"3221",1
"3222",0
"3223",-1
"3224",0
"3225",1
"3226",1
"3227",0
"3228",2
"3229",1
"3230",2
"3231",1
"3232",0
"3233",1
"3234",0
"3235",1
"3236",0
"3237",-1
"3238",0
"3239",0
"3240",-1
"3241",0
"3242",-1
"3243",1
"3244",0
"3245",3
"3246",-1
"3247",-1
"3248",0
"3249",0
"3250",1
"3251",1
"3252",0
"3253",-2
"3254",1
"3255",1
"3256",-1
"3257",0
"3258",0
"3259",0
"3260",0
"3261",0
"3262",0
"3263",5
"3264",0
"3265",2
"3266",1
"3267",2
"3268",0
"3269",0
"3270",0
"3271",1
"3272",0
"3273",2
"3274",1
"3275",1
"3276",0
"3277",1
"3278",2
"3279",1
"3280",-1
"3281",2
"3282",0
"3283",-3
"3284",0
"3285",1
"3286",-2
"3287",0
"3288",2
"3289",0
"3290",0
"3291",0
"3292",1
"3293",0
"3294",0
"3295",-1
"3296",-1
"3297",0
"3298",0
"3299",-3
"3300",1
"3301",0
"3302",0
"3303",0
"3304",1
"3305",0
"3306",-2
"3307",0
"3308",0
"3309",1
"3310",0
"3311",0
"3312",1
"3313",0
"3314",0
"3315",0
"3316",-1
"3317",0
"3318",-1
"3319",-1
"3320",1
"3321",0
"3322",2
"3323",0
"3324",1
"3325",1
"3326",0
"3327",0
"3328",0
"3329",-1
"3330",4
"3331",0
"3332",2
"3333",0
"3334",2
"3335",1
"3336",1
"3337",0
"3338",-1
"3339",0
"3340",0
"3341",0
"3342",0
"3343",1
"3344",0
"3345",1
"3346",0
"3347",1
"3348",0
"3349",0
"3350",0
"3351",-1
"3352",1
"3353",1
"3354",1
"3355",0
"3356",0
"3357",0
"3358",0
"3359",0
"3360",1
"3361",1
"3362",-1
"3363",-1
"3364",0
"3365",1
"3366",0
"3367",2
"3368",2
"3369",0
"3370",1
"3371",0
"3372",0
"3373",3
"3374",0
"3375",0
"3376",1
"3377",-1
"3378",0
"3379",1
"3380",1
"3381",1
"3382",0
"3383",1
"3384",-1
"3385",0
"3386",1
"3387",0
"3388",0
"3389",2
"3390",-2
"3391",0
"3392",-2
"3393",0
"3394",-1
"3395",1
"3396",-1
"3397",0
"3398",0
"3399",1
"3400",-1
"3401",0
"3402",2
"3403",0
"3404",0
"3405",-1
"3406",-1
"3407",1
"3408",-1
"3409",0
"3410",1
"3411",1
"3412",0
"3413",0
"3414",1
"3415",3
"3416",1
"3417",1
"3418",0
"3419",0
"3420",3
"3421",1
"3422",-1
"3423",1
"3424",4
"3425",1
"3426",0
"3427",2
"3428",0
"3429",2
"3430",1
"3431",0
"3432",-1
"3433",2
"3434",0
"3435",0
"3436",0
"3437",0
"3438",1
"3439",1
"3440",2
"3441",1
"3442",3
"3443",2
"3444",0
"3445",0
"3446",0
"3447",1
"3448",0
"3449",1
"3450",0
"3451",0
"3452",1
"3453",0
"3454",2
"3455",0
"3456",2
"3457",0
"3458",2
"3459",0
"3460",2
"3461",1
"3462",0
"3463",-1
"3464",0
"3465",0
"3466",0
"3467",0
"3468",0
"3469",0
"3470",1
"3471",1
"3472",0
"3473",0
"3474",2
"3475",0
"3476",0
"3477",-1
"3478",0
"3479",1
"3480",0
"3481",0
"3482",1
"3483",0
"3484",0
"3485",2
"3486",1
"3487",1
"3488",1
"3489",0
"3490",0
"3491",0
"3492",1
"3493",1
"3494",0
"3495",-1
"3496",-2
"3497",-2
"3498",0
"3499",1
"3500",0
"3501",0
"3502",1
"3503",0
"3504",0
"3505",0
"3506",-1
"3507",1
"3508",0
"3509",0
"3510",1
"3511",3
"3512",0
"3513",0
"3514",0
"3515",0
"3516",0
"3517",0
"3518",-1
"3519",0
"3520",3
"3521",2
"3522",2
"3523",0
"3524",1
"3525",0
"3526",1
"3527",0
"3528",0
"3529",0
"3530",0
"3531",1
"3532",0
"3533",0
"3534",-1
"3535",-1
"3536",2
"3537",0
"3538",0
"3539",0
"3540",0
"3541",2
"3542",-1
"3543",1
"3544",1
"3545",1
"3546",1
"3547",-1
"3548",1
"3549",2
"3550",1
"3551",1
"3552",0
"3553",0
"3554",1
"3555",-1
"3556",1
"3557",-1
"3558",0
"3559",0
"3560",0
"3561",0
"3562",3
"3563",-2
"3564",-1
"3565",2
"3566",-3
"3567",1
"3568",-1
"3569",1
"3570",0
"3571",0
"3572",0
"3573",0
"3574",0
"3575",1
"3576",2
"3577",1
"3578",1
"3579",1
"3580",1
"3581",0
"3582",-1
"3583",-2
"3584",0
"3585",0
"3586",2
"3587",2
"3588",0
"3589",1
"3590",0
"3591",0
"3592",2
"3593",2
"3594",1
"3595",2
"3596",2
"3597",2
"3598",-1
"3599",1
"3600",0
"3601",0
"3602",0
"3603",0
"3604",-1
"3605",0
"3606",1
"3607",1
"3608",0
"3609",-1
"3610",-5
"3611",0
"3612",1
"3613",-1
"3614",1
"3615",2
"3616",-1
"3617",-1
"3618",-2
"3619",0
"3620",1
"3621",4
"3622",0
"3623",0
"3624",0
"3625",1
"3626",0
"3627",1
"3628",-1
"3629",1
"3630",1
"3631",2
"3632",0
"3633",1
"3634",0
"3635",1
"3636",1
"3637",0
"3638",2
"3639",0
"3640",2
"3641",-1
"3642",0
"3643",1
"3644",0
"3645",0
"3646",0
"3647",0
"3648",0
"3649",-1
"3650",1
"3651",1
"3652",1
"3653",1
"3654",0
"3655",1
"3656",-1
"3657",2
"3658",3
"3659",1
"3660",1
"3661",2
"3662",0
"3663",0
"3664",2
"3665",-2
"3666",0
"3667",-3
"3668",1
"3669",1
"3670",1
"3671",-1
"3672",0
"3673",1
"3674",0
"3675",1
"3676",1
"3677",0
"3678",1
"3679",0
"3680",-1
"3681",1
"3682",0
"3683",0
"3684",0
"3685",1
"3686",1
"3687",2
"3688",0
"3689",0
"3690",0
"3691",0
"3692",0
"3693",-1
"3694",2
"3695",1
"3696",-1
"3697",0
"3698",-2
"3699",0
"3700",-3
"3701",-2
"3702",1
"3703",0
"3704",2
"3705",0
"3706",-1
"3707",1
"3708",1
"3709",0
"3710",0
"3711",-1
"3712",1
"3713",0
"3714",0
"3715",0
"3716",-1
"3717",2
"3718",3
"3719",1
"3720",0
"3721",0
"3722",1
"3723",1
"3724",2
"3725",-1
"3726",-2
"3727",0
"3728",0
"3729",0
"3730",0
"3731",3
"3732",0
"3733",0
"3734",0
"3735",0
"3736",3
"3737",0
"3738",0
"3739",0
"3740",0
"3741",0
"3742",3
"3743",-1
"3744",0
"3745",0
"3746",0
"3747",0
"3748",2
"3749",2
"3750",2
"3751",0
"3752",0
"3753",2
"3754",0
"3755",1
"3756",0
"3757",0
"3758",1
"3759",-1
"3760",1
"3761",1
"3762",-2
"3763",0
"3764",-1
"3765",1
"3766",0
"3767",2
"3768",1
"3769",1
"3770",0
"3771",0
"3772",3
"3773",-1
"3774",0
"3775",0
"3776",0
"3777",-1
"3778",0
"3779",1
"3780",0
"3781",3
"3782",0
"3783",0
"3784",1
"3785",0
"3786",0
"3787",1
"3788",0
"3789",1
"3790",0
"3791",2
"3792",0
"3793",3
"3794",2
"3795",-2
"3796",0
"3797",1
"3798",0
"3799",0
"3800",0
"3801",1
"3802",0
"3803",4
"3804",-1
"3805",0
"3806",0
"3807",0
"3808",-1
"3809",1
"3810",0
"3811",0
"3812",2
"3813",0
"3814",-1
"3815",0
"3816",1
"3817",0
"3818",1
"3819",-1
"3820",0
"3821",1
"3822",1
"3823",1
"3824",0
"3825",1
"3826",0
"3827",0
"3828",0
"3829",-1
"3830",-1
"3831",0
"3832",1
"3833",5
"3834",-2
"3835",2
"3836",0
"3837",3
"3838",1
"3839",0
"3840",1
"3841",0
"3842",0
"3843",-1
"3844",0
"3845",1
"3846",1
"3847",-1
"3848",0
"3849",0
"3850",0
"3851",0
"3852",-1
"3853",0
"3854",1
"3855",0
"3856",2
"3857",1
"3858",1
"3859",0
"3860",3
"3861",1
"3862",-1
"3863",0
"3864",0
"3865",0
"3866",1
"3867",-3
"3868",1
"3869",0
"3870",1
"3871",3
"3872",0
"3873",0
"3874",1
"3875",1
"3876",0
"3877",0
"3878",-1
"3879",1
"3880",0
"3881",2
"3882",0
"3883",1
"3884",1
"3885",1
"3886",0
"3887",0
"3888",3
"3889",0
"3890",1
"3891",1
"3892",0
"3893",-1
"3894",0
"3895",-1
"3896",0
"3897",1
"3898",2
"3899",1
"3900",0
"3901",-1
"3902",-2
"3903",0
"3904",1
"3905",2
"3906",0
"3907",1
"3908",0
"3909",2
"3910",1
"3911",0
"3912",0
"3913",0
"3914",1
"3915",1
"3916",0
"3917",1
"3918",2
"3919",1
"3920",1
"3921",1
"3922",0
"3923",1
"3924",-2
"3925",0
"3926",1
"3927",0
"3928",1
"3929",0
"3930",-1
"3931",1
"3932",0
"3933",1
"3934",-1
"3935",0
"3936",0
"3937",0
"3938",1
"3939",1
"3940",1
"3941",0
"3942",1
"3943",-1
"3944",0
"3945",0
"3946",2
"3947",0
"3948",2
"3949",0
"3950",-1
"3951",2
"3952",0
"3953",0
"3954",0
"3955",0
"3956",1
"3957",0
"3958",0
"3959",0
"3960",0
"3961",1
"3962",0
"3963",0
"3964",1
"3965",0
"3966",0
"3967",0
"3968",-1
"3969",1
"3970",1
"3971",2
"3972",1
"3973",1
"3974",0
"3975",0
"3976",0
"3977",1
"3978",1
"3979",0
"3980",0
"3981",1
"3982",-1
"3983",1
"3984",0
"3985",0
"3986",-1
"3987",2
"3988",2
"3989",1
"3990",0
"3991",0
"3992",0
"3993",2
"3994",0
"3995",-1
"3996",0
"3997",0
"3998",1
"3999",0
"4000",0
"4001",0
"4002",3
"4003",0
"4004",2
"4005",1
"4006",0
"4007",3
"4008",-1
"4009",-1
"4010",0
"4011",0
"4012",0
"4013",0
"4014",1
"4015",2
"4016",0
"4017",1
"4018",-1
"4019",0
"4020",1
"4021",1
"4022",1
"4023",1
"4024",1
"4025",0
"4026",1
"4027",2
"4028",-2
"4029",0
"4030",0
"4031",1
"4032",2
"4033",2
"4034",0
"4035",0
"4036",4
"4037",1
"4038",1
"4039",1
"4040",3
"4041",-1
"4042",1
"4043",1
"4044",0
"4045",-2
"4046",3
"4047",-2
"4048",0
"4049",0
"4050",0
"4051",0
"4052",0
"4053",-1
"4054",1
"4055",0
"4056",2
"4057",2
"4058",-1
"4059",1
"4060",-1
"4061",1
"4062",0
"4063",0
"4064",0
"4065",0
"4066",2
"4067",3
"4068",2
"4069",0
"4070",2
"4071",2
"4072",0
"4073",-1
"4074",0
"4075",0
"4076",0
"4077",2
"4078",0
"4079",1
"4080",2
"4081",0
"4082",1
"4083",0
"4084",3
"4085",1
"4086",0
"4087",0
"4088",1
"4089",-1
"4090",1
"4091",1
"4092",2
"4093",0
"4094",-1
"4095",0
"4096",0
"4097",3
"4098",0
"4099",0
"4100",0
"4101",0
"4102",1
"4103",0
"4104",1
"4105",2
"4106",2
"4107",1
"4108",0
"4109",0
"4110",0
"4111",0
"4112",0
"4113",0
"4114",0
"4115",0
"4116",1
"4117",1
"4118",1
"4119",-1
"4120",0
"4121",0
"4122",1
"4123",0
"4124",0
"4125",1
"4126",2
"4127",0
"4128",0
"4129",0
"4130",-1
"4131",0
"4132",0
"4133",1
"4134",-1
"4135",0
"4136",-2
"4137",0
"4138",0
"4139",0
"4140",1
"4141",0
"4142",0
"4143",0
"4144",1
"4145",0
"4146",0
"4147",0
"4148",0
"4149",0
"4150",1
"4151",1
"4152",0
"4153",0
"4154",0
"4155",0
"4156",0
"4157",0
"4158",0
"4159",1
"4160",-1
"4161",0
"4162",1
"4163",0
"4164",0
"4165",-2
"4166",1
"4167",2
"4168",0
"4169",0
"4170",0
"4171",0
"4172",0
"4173",1
"4174",1
"4175",0
"4176",0
"4177",1
"4178",-1
"4179",0
"4180",0
"4181",1
"4182",1
"4183",1
"4184",-1
"4185",0
"4186",1
"4187",-1
"4188",-1
"4189",3
"4190",0
"4191",-1
"4192",1
"4193",0
"4194",1
"4195",0
"4196",-1
"4197",1
"4198",2
"4199",0
"4200",1
"4201",1
"4202",1
"4203",-1
"4204",2
"4205",1
"4206",1
"4207",1
"4208",2
"4209",1
"4210",0
"4211",1
"4212",2
"4213",0
"4214",0
"4215",0
"4216",0
"4217",1
"4218",4
"4219",1
"4220",0
"4221",0
"4222",0
"4223",1
"4224",1
"4225",0
"4226",-2
"4227",0
"4228",0
"4229",0
"4230",0
"4231",2
"4232",3
"4233",0
"4234",-1
"4235",2
"4236",-1
"4237",0
"4238",-1
"4239",-1
"4240",0
"4241",-1
"4242",0
"4243",1
"4244",1
"4245",0
"4246",4
"4247",0
"4248",2
"4249",-1
"4250",0
"4251",-1
"4252",1
"4253",-1
"4254",1
"4255",0
"4256",-1
"4257",1
"4258",0
"4259",0
"4260",1
"4261",1
"4262",2
"4263",-1
"4264",3
"4265",1
"4266",0
"4267",0
"4268",0
"4269",-1
"4270",-1
"4271",4
"4272",0
"4273",0
"4274",-2
"4275",1
"4276",-2
"4277",-1
"4278",0
"4279",1
"4280",0
"4281",2
"4282",0
"4283",0
"4284",0
"4285",0
"4286",2
"4287",0
"4288",-1
"4289",1
"4290",0
"4291",-1
"4292",2
"4293",1
"4294",0
"4295",0
"4296",1
"4297",0
"4298",1
"4299",2
"4300",1
"4301",0
"4302",0
"4303",1
"4304",3
"4305",1
"4306",-1
"4307",1
"4308",-2
"4309",0
"4310",1
"4311",1
"4312",1
"4313",-1
"4314",1
"4315",1
"4316",0
"4317",2
"4318",1
"4319",1
"4320",0
"4321",0
"4322",1
"4323",1
"4324",0
"4325",-1
"4326",0
"4327",1
"4328",0
"4329",0
"4330",1
"4331",0
"4332",0
"4333",1
"4334",1
"4335",0
"4336",-1
"4337",0
"4338",0
"4339",2
"4340",0
"4341",0
"4342",-1
"4343",1
"4344",0
"4345",1
"4346",0
"4347",-1
"4348",0
"4349",1
"4350",0
"4351",0
"4352",-1
"4353",2
"4354",2
"4355",2
"4356",1
"4357",2
"4358",-1
"4359",1
"4360",-2
"4361",0
"4362",1
"4363",-1
"4364",2
"4365",0
"4366",0
"4367",1
"4368",-1
"4369",1
"4370",0
"4371",0
"4372",0
"4373",0
"4374",1
"4375",0
"4376",0
"4377",1
"4378",0
"4379",0
"4380",0
"4381",1
"4382",0
"4383",0
"4384",0
"4385",-2
"4386",0
"4387",1
"4388",0
"4389",1
"4390",0
"4391",-1
"4392",-1
"4393",0
"4394",0
"4395",0
"4396",0
"4397",1
"4398",0
"4399",0
"4400",1
"4401",-1
"4402",-4
"4403",1
"4404",0
"4405",0
"4406",0
"4407",0
"4408",1
"4409",0
"4410",0
"4411",-1
"4412",0
"4413",0
"4414",0
"4415",1
"4416",2
"4417",0
"4418",-1
"4419",2
"4420",0
"4421",1
"4422",-1
"4423",2
"4424",0
"4425",0
"4426",0
"4427",0
"4428",0
"4429",1
"4430",1
"4431",4
"4432",1
"4433",-1
"4434",0
"4435",2
"4436",0
"4437",1
"4438",0
"4439",0
"4440",0
"4441",0
"4442",3
"4443",0
"4444",0
"4445",1
"4446",0
"4447",-2
"4448",-1
"4449",0
"4450",0
"4451",-2
"4452",0
"4453",0
"4454",0
"4455",0
"4456",1
"4457",0
"4458",1
"4459",0
"4460",-1
"4461",1
"4462",0
"4463",1
"4464",0
"4465",1
"4466",1
"4467",0
"4468",0
"4469",2
"4470",0
"4471",1
"4472",1
"4473",2
"4474",1
"4475",0
"4476",0
"4477",3
"4478",-7
"4479",-1
"4480",-1
"4481",0
"4482",0
"4483",1
"4484",2
"4485",0
"4486",0
"4487",0
"4488",0
"4489",-1
"4490",-1
"4491",0
"4492",0
"4493",1
"4494",3
"4495",0
"4496",0
"4497",1
"4498",1
"4499",0
"4500",1
"4501",1
"4502",1
"4503",0
"4504",-1
"4505",0
"4506",1
"4507",0
"4508",2
"4509",1
"4510",0
"4511",0
"4512",1
"4513",0
"4514",0
"4515",0
"4516",2
"4517",0
"4518",0
"4519",0
"4520",2
"4521",2
"4522",0
"4523",1
"4524",0
"4525",1
"4526",2
"4527",1
"4528",-1
"4529",0
"4530",0
"4531",0
"4532",-3
"4533",1
"4534",0
"4535",0
"4536",2
"4537",0
"4538",0
"4539",1
"4540",1
"4541",3
"4542",0
"4543",2
"4544",-1
"4545",1
"4546",3
"4547",2
"4548",3
"4549",0
"4550",-3
"4551",0
"4552",0
"4553",-1
"4554",1
"4555",3
"4556",-1
"4557",2
"4558",1
"4559",1
"4560",0
"4561",1
"4562",2
"4563",1
"4564",0
"4565",0
"4566",-1
"4567",-1
"4568",0
"4569",1
"4570",4
"4571",0
"4572",0
"4573",1
"4574",0
"4575",0
"4576",2
"4577",0
"4578",2
"4579",0
"4580",0
"4581",0
"4582",1
"4583",0
"4584",-1
"4585",3
"4586",3
"4587",0
"4588",1
"4589",1
"4590",0
"4591",1
"4592",1
"4593",-2
"4594",1
"4595",1
"4596",2
"4597",0
"4598",0
"4599",1
"4600",3
"4601",1
"4602",0
"4603",0
"4604",2
"4605",-1
"4606",0
"4607",0
"4608",-2
"4609",1
"4610",0
"4611",0
"4612",0
"4613",0
"4614",2
"4615",-2
"4616",3
"4617",1
"4618",1
"4619",0
"4620",0
"4621",1
"4622",0
"4623",1
"4624",2
"4625",0
"4626",1
"4627",0
"4628",0
"4629",0
"4630",0
"4631",0
"4632",2
"4633",2
"4634",1
"4635",0
"4636",1
"4637",0
"4638",0
"4639",0
"4640",-2
"4641",-1
"4642",1
"4643",2
"4644",0
"4645",3
"4646",0
"4647",2
"4648",1
"4649",0
"4650",2
"4651",3
"4652",0
"4653",0
"4654",0
"4655",0
"4656",-1
"4657",1
"4658",2
"4659",1
"4660",0
"4661",0
"4662",1
"4663",3
"4664",0
"4665",1
"4666",1
"4667",3
"4668",0
"4669",2
"4670",-1
"4671",2
"4672",2
"4673",0
"4674",1
"4675",0
"4676",0
"4677",-1
"4678",1
"4679",-1
"4680",2
"4681",-1
"4682",-1
"4683",0
"4684",1
"4685",0
"4686",2
"4687",0
"4688",3
"4689",0
"4690",0
"4691",0
"4692",0
"4693",0
"4694",0
"4695",1
"4696",0
"4697",0
"4698",0
"4699",1
"4700",1
"4701",1
"4702",0
"4703",3
"4704",-2
"4705",2
"4706",2
"4707",0
"4708",1
"4709",1
"4710",0
"4711",3
"4712",1
"4713",0
"4714",2
"4715",0
"4716",0
"4717",1
"4718",-1
"4719",1
"4720",-1
"4721",0
"4722",0
"4723",0
"4724",0
"4725",1
"4726",2
"4727",1
"4728",1
"4729",1
"4730",-1
"4731",0
"4732",2
"4733",0
"4734",1
"4735",2
"4736",-2
"4737",0
"4738",1
"4739",1
"4740",2
"4741",-2
"4742",0
"4743",0
"4744",3
"4745",3
"4746",1
"4747",2
"4748",1
"4749",0
"4750",0
"4751",0
"4752",1
"4753",-1
"4754",-1
"4755",0
"4756",0
"4757",1
"4758",-1
"4759",-1
"4760",1
"4761",2
"4762",2
"4763",-2
"4764",1
"4765",1
"4766",1
"4767",0
"4768",1
"4769",0
"4770",-1
"4771",2
"4772",-1
"4773",0
"4774",0
"4775",-1
"4776",1
"4777",0
"4778",0
"4779",2
"4780",0
"4781",1
"4782",-3
"4783",0
"4784",1
"4785",1
"4786",1
"4787",0
"4788",0
"4789",0
"4790",0
"4791",1
"4792",0
"4793",-1
"4794",1
"4795",1
"4796",-1
"4797",1
"4798",-1
"4799",0
"4800",-2
"4801",0
"4802",1
"4803",-1
"4804",1
"4805",1
"4806",2
"4807",1
"4808",-1
"4809",0
"4810",1
"4811",0
"4812",1
"4813",3
"4814",-1
"4815",1
"4816",0
"4817",3
"4818",1
"4819",0
"4820",-1
"4821",-2
"4822",0
"4823",0
"4824",1
"4825",0
"4826",1
"4827",2
"4828",2
"4829",-1
"4830",0
"4831",1
"4832",0
"4833",1
"4834",2
"4835",2
"4836",1
"4837",0
"4838",0
"4839",0
"4840",0
"4841",-1
"4842",2
"4843",0
"4844",2
"4845",1
"4846",0
"4847",-1
"4848",1
"4849",0
"4850",1
"4851",-1
"4852",0
"4853",-1
"4854",2
"4855",0
"4856",1
"4857",-1
"4858",1
"4859",0
"4860",1
"4861",-1
"4862",-1
"4863",1
"4864",0
"4865",2
"4866",0
"4867",1
"4868",0
"4869",0
"4870",-1
"4871",0
"4872",2
"4873",0
"4874",0
"4875",2
"4876",1
"4877",-1
"4878",0
"4879",0
"4880",2
"4881",1
"4882",-1
"4883",1
"4884",1
"4885",3
"4886",0
"4887",3
"4888",1
"4889",-2
"4890",1
"4891",0
"4892",-3
"4893",0
"4894",1
"4895",0
"4896",0
"4897",3
"4898",2
"4899",0
"4900",0
"4901",2
"4902",1
"4903",0
"4904",4
"4905",1
"4906",1
"4907",-1
"4908",-2
"4909",-1
"4910",0
"4911",0
"4912",0
"4913",0
"4914",1
"4915",-1
"4916",0
"4917",2
"4918",0
"4919",0
"4920",1
"4921",0
"4922",0
"4923",0
"4924",0
"4925",2
"4926",1
"4927",1
"4928",1
"4929",0
"4930",1
"4931",1
"4932",0
"4933",4
"4934",1
"4935",-1
"4936",-2
"4937",0
"4938",0
"4939",3
"4940",1
"4941",2
"4942",4
"4943",0
"4944",0
"4945",3
"4946",0
"4947",-1
"4948",1
"4949",0
"4950",-1
"4951",0
"4952",0
"4953",0
"4954",1
"4955",0
"4956",1
"4957",2
"4958",1
"4959",2
"4960",1
"4961",0
"4962",1
"4963",0
"4964",0
"4965",2
"4966",3
"4967",1
"4968",0
"4969",2
"4970",0
"4971",4
"4972",2
"4973",1
"4974",-2
"4975",1
"4976",1
"4977",0
"4978",0
"4979",1
"4980",1
"4981",0
"4982",-1
"4983",1
"4984",0
"4985",-1
"4986",1
"4987",1
"4988",0
"4989",1
"4990",0
"4991",3
"4992",0
"4993",0
"4994",0
"4995",1
"4996",0
"4997",0
"4998",1
"4999",0
"5000",0
"5001",1
"5002",3
"5003",1
"5004",0
"5005",2
"5006",0
"5007",2
"5008",1
"5009",0
"5010",0
"5011",1
"5012",1
"5013",1
"5014",0
"5015",-1
"5016",0
"5017",0
"5018",0
"5019",0
"5020",-1
"5021",0
"5022",-1
"5023",1
"5024",0
"5025",2
"5026",1
"5027",0
"5028",-1
"5029",-1
"5030",2
"5031",0
"5032",1
"5033",1
"5034",0
"5035",1
"5036",0
"5037",2
"5038",0
"5039",2
"5040",-2
"5041",0
"5042",1
"5043",0
"5044",1
"5045",1
"5046",0
"5047",0
"5048",0
"5049",-1
"5050",2
"5051",1
"5052",0
"5053",0
"5054",0
"5055",1
"5056",1
"5057",-1
"5058",2
"5059",1
